{
    "loss": 0.14126019179821014,
    "accuracy": 0.970588207244873
}