{
    "loss": 2.794415235519409,
    "accuracy": 0.8627451062202454
}