{
    "loss": 0.7339387536048889,
    "accuracy": 0.843137264251709
}